,Parametro,Prob
0,Masculino,0.5497496065245385
1,Femenino,0.4502503934754614
